[
    {
        "title": "IMDb Charts",
        "streaming_link": "No link available"
    },
    {
        "title": "Furiosa: A Mad Max Saga",
        "streaming_link": "No link available"
    },
    {
        "title": "Hit Man",
        "streaming_link": "No link available"
    },
    {
        "title": "Gojira -1.0",
        "streaming_link": "No link available"
    },
    {
        "title": "Bad Boys: Ride or Die",
        "streaming_link": "No link available"
    },
    {
        "title": "The Fall Guy",
        "streaming_link": "No link available"
    },
    {
        "title": "Civil War",
        "streaming_link": "No link available"
    },
    {
        "title": "Venom: The Last Dance",
        "streaming_link": "No link available"
    },
    {
        "title": "Sous la Seine",
        "streaming_link": "No link available"
    },
    {
        "title": "The First Omen",
        "streaming_link": "No link available"
    },
    {
        "title": "Kingdom of the Planet of the Apes",
        "streaming_link": "No link available"
    },
    {
        "title": "Dune: Part Two",
        "streaming_link": "No link available"
    },
    {
        "title": "MaXXXine",
        "streaming_link": "No link available"
    },
    {
        "title": "The Watchers",
        "streaming_link": "No link available"
    },
    {
        "title": "Atlas",
        "streaming_link": "No link available"
    },
    {
        "title": "Mad Max: Fury Road",
        "streaming_link": "No link available"
    },
    {
        "title": "Alien: Romulus",
        "streaming_link": "No link available"
    },
    {
        "title": "Challengers",
        "streaming_link": "No link available"
    },
    {
        "title": "IF",
        "streaming_link": "No link available"
    },
    {
        "title": "In a Violent Nature",
        "streaming_link": "No link available"
    },
    {
        "title": "The Garfield Movie",
        "streaming_link": "No link available"
    },
    {
        "title": "The Ministry of Ungentlemanly Warfare",
        "streaming_link": "No link available"
    },
    {
        "title": "The Strangers: Chapter 1",
        "streaming_link": "No link available"
    },
    {
        "title": "Kolory zla. Czerwien",
        "streaming_link": "No link available"
    },
    {
        "title": "Inside Out 2",
        "streaming_link": "No link available"
    },
    {
        "title": "Godzilla x Kong: The New Empire",
        "streaming_link": "No link available"
    }
]