[
    {
        "title": "IMDb Charts",
        "streaming_link": "No link available"
    },
    {
        "title": "The Acolyte",
        "streaming_link": "No link available"
    },
    {
        "title": "Eric",
        "streaming_link": "No link available"
    },
    {
        "title": "Bridgerton",
        "streaming_link": "No link available"
    },
    {
        "title": "Fallout",
        "streaming_link": "No link available"
    },
    {
        "title": "House of the Dragon",
        "streaming_link": "No link available"
    },
    {
        "title": "Game of Thrones",
        "streaming_link": "No link available"
    },
    {
        "title": "Dark Matter",
        "streaming_link": "No link available"
    },
    {
        "title": "The Boys",
        "streaming_link": "No link available"
    },
    {
        "title": "Mayor of Kingstown",
        "streaming_link": "No link available"
    },
    {
        "title": "Hacks",
        "streaming_link": "No link available"
    },
    {
        "title": "Your Honor",
        "streaming_link": "No link available"
    },
    {
        "title": "Doctor Who",
        "streaming_link": "No link available"
    },
    {
        "title": "Sh\u00f4gun",
        "streaming_link": "No link available"
    },
    {
        "title": "Geek Girl",
        "streaming_link": "No link available"
    },
    {
        "title": "Criminal Minds",
        "streaming_link": "No link available"
    },
    {
        "title": "Grey's Anatomy",
        "streaming_link": "No link available"
    },
    {
        "title": "Clipped",
        "streaming_link": "No link available"
    },
    {
        "title": "Young Sheldon",
        "streaming_link": "No link available"
    },
    {
        "title": "Suits",
        "streaming_link": "No link available"
    },
    {
        "title": "The Bear",
        "streaming_link": "No link available"
    },
    {
        "title": "Ni una m\u00e1s",
        "streaming_link": "No link available"
    },
    {
        "title": "Baby Reindeer",
        "streaming_link": "No link available"
    },
    {
        "title": "The Rookie",
        "streaming_link": "No link available"
    },
    {
        "title": "Breaking Bad",
        "streaming_link": "No link available"
    },
    {
        "title": "Tires",
        "streaming_link": "No link available"
    },
    {
        "title": "Recently viewed",
        "streaming_link": "No link available"
    }
]